Date,daily_ic,decile_spread,stocks,year,rolling_ic_63
2023-01-03,0.18762263486372144,0.08573881567649402,495,2023,
2023-01-04,0.2683167709483499,0.13092610769055696,495,2023,
2023-01-05,0.2864586177828962,0.15498459578224424,495,2023,
2023-01-06,0.3739602502760398,0.20340440848190883,495,2023,
2023-01-09,0.2877278069977561,0.1610121543578963,495,2023,
2023-01-10,0.266475714438363,0.13647291635688077,495,2023,
2023-01-11,0.23277808778657674,0.13931258630137042,495,2023,
2023-01-12,0.16419477523042889,0.0563524206081355,495,2023,
2023-01-13,0.2010474669642751,0.07680401750116633,495,2023,
2023-01-17,0.2013670398644932,0.08010126446015152,495,2023,
2023-01-18,0.15887047304704352,0.055006213954725505,495,2023,
2023-01-19,0.13762510833818137,0.06589861869613542,495,2023,
2023-01-20,0.25236701611913837,0.10215730094202312,495,2023,
2023-01-23,0.15978862676655547,0.06730445233577448,495,2023,
2023-01-24,0.09575650721660908,0.03753567999868581,495,2023,
2023-01-25,0.09635775938831967,0.053544932775285534,495,2023,
2023-01-26,0.16458449586632948,0.06679119098225852,495,2023,
2023-01-27,0.14892839192499632,0.056432660979636874,495,2023,
2023-01-30,0.12549509064789202,0.05124255974786567,495,2023,
2023-01-31,0.0934863523573201,0.04474502794587398,495,2023,
2023-02-01,0.07982752957286064,0.03244987942925297,495,2023,
2023-02-02,0.11499192657936293,0.04485205851188317,495,2023,
2023-02-03,0.11592145828139037,0.05762517806245908,495,2023,
2023-02-06,0.11513588279292863,0.04370146956265524,495,2023,
2023-02-07,0.10922408095582968,0.03974826990267834,495,2023,
2023-02-08,0.08890874264388696,0.033109533518755535,495,2023,
2023-02-09,0.1394990125889956,0.039401978032427606,495,2023,
2023-02-10,0.12301281061892269,0.03309691123764968,495,2023,
2023-02-13,0.11045725638255352,0.029389840890449992,495,2023,
2023-02-14,0.15976319944910777,0.03951983616770774,495,2023,0.16866502955637083
2023-02-15,0.20687873247296,0.040131192377935686,495,2023,0.16989772965045435
2023-02-16,0.1597075957432494,0.030095914642853418,495,2023,0.1695792879658542
2023-02-17,0.22717250208761244,0.047596972273389444,495,2023,0.17132453687863472
2023-02-21,0.19904286432300014,0.05589039152723742,495,2023,0.172139781803469
2023-02-22,0.17604054123578744,0.04375775082493204,495,2023,0.1722512320729638
2023-02-23,0.18941293567779138,0.03544596227023856,495,2023,0.17272794606198683
2023-02-24,0.21677253137355007,0.05387225795966462,495,2023,0.17391834025959663
2023-02-27,0.27040458127045564,0.07946810878161652,495,2023,0.17645745186514555
2023-02-28,0.23079327294098093,0.04976364482123117,495,2023,0.17785067804657723
2023-03-01,0.21931308646079442,0.03290880785597787,495,2023,0.17888723825693267
2023-03-02,0.2196448288553552,0.03998126567667985,495,2023,0.17988132583250394
2023-03-03,0.1937660528492447,0.0347954578187596,495,2023,0.18021191457099778
2023-03-06,0.23048527590123516,0.04210120546425248,495,2023,0.18138106250891026
2023-03-07,0.1862780541473241,0.03639827788629118,495,2023,0.18149235777341965
2023-03-08,0.19112566833279906,0.04473329887289264,495,2023,0.18170643134140588
2023-03-09,0.09137252108389629,0.032820891496656276,495,2023,0.17974265068363393
2023-03-10,0.03805321729769947,0.013680500989050156,495,2023,0.1767279818881885
2023-03-13,0.015051784661292303,0.019849123206838497,495,2023,0.17335972777929484
2023-03-14,-0.0175073511660948,0.002134516228487659,495,2023,0.16946448127020527
2023-03-15,0.04926527914643365,0.0118218802540669,495,2023,0.16706049722772984
2023-03-16,0.09267881241565452,0.016553010644015147,495,2023,0.16560203281964994
2023-03-17,-0.03085036073151523,-0.008046460718232396,495,2023,0.1618241021744352
2023-03-20,0.07133965355527326,0.00819709873963085,495,2023,0.16011684842690385
2023-03-21,-0.06472399982586739,-0.011199276551549831,495,2023,0.15595312901481548
2023-03-22,-0.20804660817394263,-0.044106639312229065,495,2023,0.1493349519750199
2023-03-23,-0.1939864888931103,-0.04668950176924944,495,2023,0.14320421195951757
2023-03-24,-0.12048531547682652,-0.029725313494262946,495,2023,0.13857807989923082
2023-03-27,-0.17762574154764307,-0.024799501431442952,495,2023,0.1331262898742847
2023-03-28,-0.18797782579616196,-0.05625382961244896,495,2023,0.1276838472358026
2023-03-29,-0.18612173056145892,-0.039815537045510954,495,2023,0.12245375427251488
2023-03-30,-0.14720398447053795,-0.024132290790466644,495,2023,0.11803313560459598
2023-03-31,-0.15527582208397148,-0.025830659769384458,495,2023,0.11362492660961909
2023-04-03,-0.15538158785187647,-0.03203957658834985,495,2023,0.1093549819356271
2023-04-04,-0.24087456120563083,-0.06046368460375358,495,2023,0.10255343914087547
2023-04-05,-0.12658539818981246,-0.022649765118773438,495,2023,0.09628515074185703
2023-04-06,-0.08889558375976034,-0.02508159644736433,495,2023,0.09032714754276724
2023-04-10,-0.057093726873013805,-0.00789301329924157,495,2023,0.0834850209213537
2023-04-11,-0.06354454826441244,0.013773818659721708,495,2023,0.07790926925052562
2023-04-12,-0.10095911445656777,-0.021842827189341357,495,2023,0.07207697037917753
2023-04-13,-0.05572559867975827,0.0064050069271996265,495,2023,0.0674975467844738
2023-04-14,-0.08612182950043731,0.002269158516654334,495,2023,0.0635242673443013
2023-04-17,-0.06368642675943186,-0.002632073254991976,495,2023,0.05932214204709961
2023-04-18,-0.08025395656974604,0.008212676088329172,495,2023,0.05485196750052438
2023-04-19,0.0016851286800353014,0.02119543244916042,495,2023,0.052356962034381394
2023-04-20,0.11303610085443702,0.07476715976534201,495,2023,0.05196666032829021
2023-04-21,0.12248843403342555,0.06229070984227936,495,2023,0.0499050955332789
2023-04-24,0.1156598636225122,0.053934412008647736,495,2023,0.04920463897543695
2023-04-25,0.23432707643233958,0.10238242348780781,495,2023,0.05140417182013108
2023-04-26,0.2728727130255144,0.12546470567973422,495,2023,0.05420599648103893
2023-04-27,0.19048404905790306,0.10298368135732072,495,2023,0.054617100499952796
2023-04-28,0.2710241371531694,0.15236992090964685,495,2023,0.056555128201987284
2023-05-01,0.3003136365615144,0.17629604558712642,495,2023,0.05933002575617177
2023-05-02,0.3416684475682778,0.18647158475207024,495,2023,0.06326942409285363
2023-05-03,0.32905263949406566,0.15781716533344753,495,2023,0.06722537821858705
2023-05-04,0.3817945797954885,0.17286691705261537,496,2023,0.07146034096804936
2023-05-05,0.4485499507307776,0.1591028570578143,496,2023,0.07674015830851583
2023-05-08,0.33882650743168685,0.12852660267192456,496,2023,0.08029080314405167
2023-05-09,0.3973590320023759,0.13623295435247912,496,2023,0.08486437379558415
2023-05-10,0.29583650485513274,0.08629410000372217,496,2023,0.08814894144973091
2023-05-11,0.3423335713203955,0.08568358645052496,496,2023,0.09136853762007059
2023-05-12,0.22151934087417957,0.07588418606970762,496,2023,0.09293213333840801
2023-05-15,0.394612838320244,0.1262240036880648,496,2023,0.09744253940091102
2023-05-16,0.23743733171266107,0.06740815966416841,496,2023,0.09867546213525313
2023-05-17,0.3308596446715483,0.0881625639986866,496,2023,0.10064341312253232
2023-05-18,0.27891188774878006,0.07298428259161067,496,2023,0.10253554474166772
2023-05-19,0.2650646793763559,0.07627316872697028,496,2023,0.10313700787323507
2023-05-22,0.26426929121159015,0.06922100337356155,496,2023,0.10417234798257778
2023-05-23,0.17439387055470654,0.04887550573598433,496,2023,0.10414621035271936
2023-05-24,0.23235679964439618,0.05952946896011051,496,2023,0.10482785898710992
2023-05-25,0.17155090857953192,0.035767886751337685,496,2023,0.10411005545069692
2023-05-26,0.0931169617902921,0.009657266161031922,496,2023,0.10129596625259908
2023-05-30,0.00888773501222388,0.01109552277104435,496,2023,0.09777365612674581
2023-05-31,0.05338944714228675,0.00841924082113543,496,2023,0.09513994756613457
2023-06-01,0.12618428065951917,0.015717747932112912,496,2023,0.0936564468011213
2023-06-02,0.06024298282362798,0.00739715097671933,496,2023,0.09153703299119087
2023-06-05,-0.06935847735484264,-0.010152062991249742,496,2023,0.0867776083363325
2023-06-06,-0.024353157065560516,-0.0036471328912884102,496,2023,0.08343425577739783
2023-06-07,0.06456913524155687,0.0038545369506135596,496,2023,0.08142542191880667
2023-06-08,0.10963552576455801,0.011825051081417078,496,2023,0.08171531088199178
2023-06-09,0.10931630840763053,0.025155607146066662,496,2023,0.0828464710583399
2023-06-12,0.05513580013807183,0.0045566963228167775,496,2023,0.08348272527225704
2023-06-13,-0.06528063788399999,0.005132586355532771,496,2023,0.08272441913387758
2023-06-14,-0.06596047447932954,0.019479156273441357,496,2023,0.08089543891759561
2023-06-15,-0.07965023769203687,0.001960159994672009,496,2023,0.07816005716985448
2023-06-16,-0.09773479587200623,0.001786171309996757,496,2023,0.07709839946921178
2023-06-20,-0.059051572386420184,0.017054748858111504,496,2023,0.07502869747013728
2023-06-21,-0.10265650599589718,0.0028072515422347642,496,2023,0.07442659419759712
2023-06-22,-0.13758366425335986,-0.02181459350525782,496,2023,0.07554505362490796
2023-06-23,-0.062173136571137474,0.003692466371832532,496,2023,0.07763732905859008
2023-06-26,-0.06721698716246649,0.011747186183275018,496,2023,0.07848285807945293
2023-06-27,-0.014053136020423615,0.005407750439404218,496,2023,0.08107924864337704
2023-06-28,-0.00024260912493534025,0.012773817001359971,496,2023,0.0840591727175235
2023-06-29,0.06387582582493986,0.02866477279803679,496,2023,0.08802738789825998
2023-06-30,0.02318407020815017,0.016521915023389303,496,2023,0.0907319601947471
2023-07-03,-0.028602307884452362,-0.003139298087346633,496,2023,0.09274265089632677
2023-07-05,-0.0268771967090913,0.011452176124001099,496,2023,0.09478240313668844
2023-07-06,0.04087781822902223,0.00705163410255303,496,2023,0.09925466312771468
2023-07-07,-0.005636753069738076,0.0020196937929435194,496,2023,0.10117448289152538
2023-07-10,-0.021323837452869712,-0.015529231098683554,496,2023,0.10224705029322206
2023-07-11,-0.08139757410543418,-0.025546110891112472,496,2023,0.10186127494032651
2023-07-12,-0.06694045012990946,-0.022083116673208652,496,2023,0.10180737173611225
2023-07-13,-0.031041871955093215,-0.009389685692387864,496,2023,0.10291716923613567
2023-07-14,-0.02998902505944759,-0.012353851696012465,496,2023,0.1033256862777279
2023-07-17,-0.006930143913333373,0.01099737432950025,496,2023,0.10458269716006288
2023-07-18,-0.03612948463016614,-0.0029528086734407523,496,2023,0.1050201089398925
2023-07-19,-0.026447639896072427,-0.01814963642744084,496,2023,0.10587417745852225
2023-07-20,0.007809810967466579,-0.006072818592328667,496,2023,0.10597139463768782
2023-07-21,-0.05054127305376737,-0.021113635018599818,496,2023,0.10337492838517663
2023-07-24,-0.0755657109814311,-0.02133064592464028,496,2023,0.10023121179763922
2023-07-25,-0.025826414990431344,-0.008623868286326133,496,2023,0.09798539785140202
2023-07-26,0.0020123674598913127,-0.010937002871873233,496,2023,0.0942978627883473
2023-07-27,-0.012822782245771793,-0.01092889761352277,496,2023,0.08976301365705704
2023-07-28,-0.009028757097816618,-0.018844610258276957,496,2023,0.08659614371807736
2023-07-31,0.05832384335337539,0.000691717852491629,496,2023,0.08321994857839808
2023-08-01,0.08141930763466428,-0.022085612129513814,496,2023,0.07974543542082903
2023-08-02,0.004274916360332079,-0.025533734798351797,496,2023,0.07438998254451243
2023-08-03,0.04874122545635494,-0.02055179353262024,496,2023,0.06994059502010433
2023-08-04,0.08276206604239315,0.015438137875214863,496,2023,0.06519404718275361
2023-08-07,0.09123932254327528,0.01013273388862996,496,2023,0.05952244990993612
2023-08-08,0.07810135495278611,0.012047723260326307,496,2023,0.055383955426144035
2023-08-09,0.11376086430607102,0.030068681921285173,496,2023,0.05088239720874237
2023-08-10,0.03580023641359398,0.01516693950917317,496,2023,0.046754837392210015
2023-08-11,0.061776720931650514,0.014563736104135515,496,2023,0.04230155405270612
2023-08-14,0.08694817979234153,0.030464486430605422,496,2023,0.040165503876803926
2023-08-15,-0.09433875983171758,-0.00999854572148174,496,2023,0.032404367398201364
2023-08-16,0.01026707655512744,0.009228536521959672,496,2023,0.028798490332208767
2023-08-17,0.0034607449191729066,0.014275899321703634,496,2023,0.023601682399631382
2023-08-18,0.024992476855266493,0.018620598961718055,496,2023,0.0195712155600518
2023-08-21,0.0031374955500353043,0.002710432194078613,496,2023,0.015413641213602268
2023-08-22,-0.0637253629302698,-0.01939453572223782,496,2023,0.010207376862144173
2023-08-23,-0.08082433997926956,-0.02873145236550704,496,2023,0.006156294155255664
2023-08-24,-0.14119752729475585,-0.02990455361406486,496,2023,0.00022686039431674308
2023-08-25,-0.05857136956637183,-0.011975811026782177,496,2023,-0.003425874179427761
2023-08-28,-0.1268859491258401,-0.03427128991838546,496,2023,-0.006917983876509224
2023-08-29,-0.09520013531826343,-0.015792581656666364,496,2023,-0.008570172294453466
2023-08-30,-0.07360536631322637,0.001658145565833726,496,2023,-0.010585962984223516
2023-08-31,-0.09703234067159555,-0.01866178514388033,496,2023,-0.014129083957733274
2023-09-01,-0.0690933479665874,-0.021428969960863006,496,2023,-0.016182041589323994
2023-09-05,-0.009335288367546431,-0.014040339696448936,496,2023,-0.015229292557779611
2023-09-06,-0.07603480118246132,-0.015136568305901151,496,2023,-0.016049636115190734
2023-09-07,0.05074818411937902,0.009374220360113322,496,2023,-0.01626901629173324
2023-09-08,0.0586038223475752,0.005314615655151553,496,2023,-0.017079043330098048
2023-09-11,0.06434776793704554,0.00503265130384894,496,2023,-0.017792829686774
2023-09-12,0.03639392562609282,-0.002296362471546274,496,2023,-0.018090319758392714
2023-09-13,0.12163410570952597,0.016280905453062575,496,2023,-0.015123419066431982
2023-09-14,0.07229279882619273,0.0028049882853524713,496,2023,-0.012928922664757026
2023-09-15,0.05522735631776977,0.005918664276374113,496,2023,-0.010788008474125175
2023-09-18,0.04155588467264978,0.020097481755369986,496,2023,-0.008577045290876668
2023-09-19,0.043406971644136566,0.0017759648852895592,496,2023,-0.0069507191951535445
2023-09-20,-0.030254154447702835,-0.001626019981936289,496,2023,-0.00580147551978538
2023-09-21,-0.03188407079820074,0.009473029998561379,496,2023,-0.004123704195100315
2023-09-22,-0.02131213478328426,0.01739342078887862,496,2023,-0.0034751168651343902
2023-09-25,-0.061201519970261443,0.002031995210421532,496,2023,-0.0033796332589089138
2023-09-26,-0.02098721360420588,0.009498113959192934,496,2023,-0.003489697982461013
2023-09-27,-0.08454529719863658,0.019310408083925312,496,2023,-0.004827835888392779
2023-09-28,-0.1189855653962878,-0.004053664151913201,496,2023,-0.007730397653809092
2023-09-29,-0.21449203530075858,-0.031049867555468385,496,2023,-0.011503034249188596
2023-10-02,-0.15464723826831958,-0.036878339153018136,496,2023,-0.0135037474298849
2023-10-03,-0.20281522959850992,-0.045674542278428605,496,2023,-0.01629641461860583
2023-10-04,-0.19340352257345084,-0.05565348985846622,497,2023,-0.020015166059914925
2023-10-05,-0.17058071319483165,-0.04865598338661761,497,2023,-0.022633324157138632
2023-10-06,-0.13313421140914666,-0.04111588480900917,497,2023,-0.02440809199771446
2023-10-09,0.04833763560766074,0.012075489118638729,497,2023,-0.02234880295464946
2023-10-10,-0.019994529946879096,-0.00037796610160331504,497,2023,-0.02160362961841088
2023-10-11,0.03660556420528613,0.004042187854999548,497,2023,-0.020529860790468354
2023-10-12,0.11550052354547026,0.020696715133037513,497,2023,-0.01822050287610458
2023-10-13,0.1942042064087025,0.04567738485513777,497,2023,-0.015027894140834167
2023-10-16,0.2194840242387086,0.06509035224631855,497,2023,-0.010970536857201235
2023-10-17,0.2402665116231787,0.07297869034529988,497,2023,-0.006736978896578202
2023-10-18,0.2573359902907535,0.07271820655923582,497,2023,-0.0027762458914466622
2023-10-19,0.37101612785926597,0.07468704034876683,497,2023,0.003915141424633232
2023-10-20,0.3748938442157023,0.09984948295840602,497,2023,0.011065293094429
2023-10-23,0.39765028179180023,0.09813801459304546,497,2023,0.017787145424305692
2023-10-24,0.3500165391884928,0.09932555458415486,497,2023,0.023311021166029525
2023-10-25,0.34583110790667054,0.09820899254006056,497,2023,0.029003940057338133
2023-10-26,0.41024694611508933,0.11926609935521404,497,2023,0.035659109949606485
2023-10-27,0.4076067364153831,0.12029244761981056,497,2023,0.04120328285535264
2023-10-30,0.346170493618532,0.1026612325534749,497,2023,0.045405682632874346
2023-10-31,0.4127812932785207,0.11118531135410156,497,2023,0.05188991083792496
2023-11-01,0.4550830048303815,0.12019893612926476,497,2023,0.058339780351798404
2023-11-02,0.3985215216679009,0.09502705712276435,497,2023,0.06335183520299693
2023-11-03,0.39536255621564603,0.10949825257494278,497,2023,0.06817918811843139
2023-11-06,0.31840968078193216,0.07474819018568471,497,2023,0.07199360598873529
2023-11-07,0.3077913653706147,0.06915702842833533,497,2023,0.07507345521198201
2023-11-08,0.14953518233380073,0.03503124459967913,497,2023,0.07687877181389005
2023-11-09,0.18998210014068084,0.0497454545436754,497,2023,0.07891377783308101
2023-11-10,0.24795918925914603,0.08065999252142944,497,2023,0.08146950814207791
2023-11-13,0.2201221319365865,0.05850231910869676,497,2023,0.08646095086855894
2023-11-14,0.23981989488426872,0.08089542128839694,497,2023,0.09010464639759293
2023-11-15,0.06606751043736944,0.0208927991706672,497,2023,0.09109840458042144
2023-11-16,0.05364620681727363,0.023512991718123644,497,2023,0.0915532256909295
2023-11-17,0.113415725601178,0.02811898799740254,497,2023,0.09330367378697937
2023-11-20,0.12234727838464912,0.029843216486083204,497,2023,0.09625720777610508
2023-11-21,0.04359874755724397,0.024793617331204797,497,2023,0.0982321774195418
2023-11-22,0.14132550843342215,0.02974556106577738,497,2023,0.1027166700501478
2023-11-24,0.17082244731506022,0.026743224012287563,497,2023,0.10635784174667846
2023-11-27,0.1380390778405372,0.027337415177804712,497,2023,0.11056300090487493
2023-11-28,0.15095460051408335,0.03548162635277382,497,2023,0.1144702189339598
2023-11-29,0.10736895136852986,0.029088278211694952,497,2023,0.11734282715113054
2023-11-30,0.018278931263445423,0.01622781451204423,497,2023,0.11917316480089309
2023-12-01,0.05843045056190231,0.025606004505358798,497,2023,0.12119735207912308
2023-12-04,-0.08996653844559781,-0.017363316818832582,497,2023,0.11991749096677305
2023-12-05,-0.04476675443254162,0.005134998926131392,497,2023,0.12041380916915274
2023-12-06,-0.045001646098902004,-0.00019626570647520575,497,2023,0.1188939705942594
2023-12-07,-0.08666055798451808,0.004349846964020642,497,2023,0.11658818677946425
2023-12-08,-0.0492752472862828,0.019862496228718756,497,2023,0.11478464685528444
2023-12-11,-0.06997337698949234,0.0018617254983516896,497,2023,0.11309627697249737
2023-12-12,-0.05620538231331245,0.0101735108647952,497,2023,0.11027342795626184
2023-12-13,-0.002932577978559269,0.01622203315880815,497,2023,0.1090793743561864
2023-12-14,0.08609576229237063,0.02690245380968209,497,2023,0.10956934905419595
2023-12-15,0.2684812723992615,0.04925027853925551,497,2023,0.11317133933557075
2023-12-18,0.30243382174117384,0.05721899662662082,497,2023,0.11728287663869831
2023-12-19,0.3011948488443291,0.0467669235033778,497,2023,0.12254397192904803
2023-12-20,0.277681342622388,0.054682203573254734,497,2023,0.12745770865000977
2023-12-21,0.2745391900567807,0.05301980856938705,497,2023,0.13215376142524887
2023-12-22,0.24804814115943236,0.06404224759275431,497,2023,0.1370624862050853
2023-12-26,0.2569037427049667,0.06424903147508344,497,2023,0.14147345376554835
2023-12-27,0.26946697675364273,0.06925515433546652,497,2023,0.14709269620923532
2023-12-28,0.29678273684078826,0.07354411696507314,497,2023,0.1536921930701413
2023-12-29,0.2929672868145523,0.07275131391345886,497,2023,0.1617471029449875
2024-01-02,0.13187119217442236,0.05732731672927652,497,2024,0.16629501453931675
2024-01-03,0.26730886680362004,0.09869356457021262,497,2024,0.17375730178379498
2024-01-04,0.2645475456704471,0.09210302519905089,497,2024,0.18102636635909497
2024-01-05,0.22310544182311123,0.09085920917532767,497,2024,0.18727535294668135
2024-01-08,0.25750587864536617,0.09103063108913197,497,2024,0.19347598929675297
2024-01-09,0.2677050448825874,0.09074107037312718,497,2024,0.19695801166619625
2024-01-10,0.25259905722715614,0.07514794841059372,497,2024,0.20128489400229205
2024-01-11,0.24225678595474912,0.10531496054351375,497,2024,0.2045491991094264
2024-01-12,0.24711355971038043,0.06888637831623645,497,2024,0.20663829492156782
2024-01-16,0.31827752367293544,0.10073547483481407,497,2024,0.20860771265592074
2024-01-17,0.2057624604994913,0.05572189008127976,497,2024,0.20838991005688554
2024-01-18,0.18885368174847766,0.09658060563646828,497,2024,0.20757383339220775
2024-01-19,0.1608849560636262,0.09929016016788977,497,2024,0.20604286459495175
2024-01-22,0.09482096621704576,0.04351257232655439,497,2024,0.20165881441015462
2024-01-23,-0.017899663820466524,0.0209796364913699,497,2024,0.19542399682227893
2024-01-24,-0.047969707088234816,0.00663494319593613,497,2024,0.18835066366545294
2024-01-25,0.009751669754242517,0.06782056901979994,497,2024,0.18294963399189343
2024-01-26,0.07291260192323784,0.06527947712819812,497,2024,0.17861759421437862
2024-01-29,0.09129104201579474,0.06869090670207752,497,2024,0.1735548020858184
2024-01-30,0.06615479898434524,0.023631975204033012,497,2024,0.1681349300631035
2024-01-31,0.10559929729953761,0.04909526046997939,497,2024,0.1643163396453417
2024-02-01,0.1445601318755909,0.045525563265195454,497,2024,0.1600588608929142
2024-02-02,0.18453687535238636,0.07964721081193268,497,2024,0.155764477885327
2024-02-05,0.11342237255636424,0.04528596517541846,497,2024,0.15123909456609624
2024-02-06,0.04637287385408447,0.05179301454274764,497,2024,0.14569957579845244
2024-02-07,0.06168980458733748,0.02463406835645099,497,2024,0.14162465712869696
2024-02-08,0.08876168006875297,0.04019026224012621,497,2024,0.13814799545723883
2024-02-09,0.030170627339630482,-0.004824961780855131,497,2024,0.1362533199811409
2024-02-12,-0.02240033672692979,0.009467240815748228,497,2024,0.1328821701895915
2024-02-13,0.05088635192421533,0.012100392691683871,497,2024,0.12975402991443388
2024-02-14,0.01519777428660576,-0.00404110992092749,497,2024,0.12650126233268816
2024-02-15,-0.045466346465892135,-0.03553687061633798,497,2024,0.12197290929538403
2024-02-16,-0.04761604997259109,-0.02365899041072976,497,2024,0.12016840833649577
2024-02-20,-0.031246847583753592,-0.008961638599754712,497,2024,0.11882089953647945
2024-02-21,0.038323117875539284,-0.00012702974946495957,497,2024,0.11762895338210426
2024-02-22,-0.019820047373240612,-0.015677070460696794,497,2024,0.11537232916372504
2024-02-23,-0.03456446021640922,-0.015285004435751379,497,2024,0.114131643326048
2024-02-26,0.012712790540366177,-0.0006376004146428217,497,2024,0.11209017161345981
2024-02-27,-0.05336390672054089,-0.012137046333311127,497,2024,0.10853165805733916
2024-02-28,-0.048117504091787416,-0.007157343704194474,497,2024,0.10557679167746098
2024-02-29,-0.00799540734496368,0.0022126620634719185,497,2024,0.10305377567969834
2024-03-01,-0.0994500817575488,-0.02253815893399424,497,2024,0.09977093388404629
2024-03-04,-0.06608696094170934,-0.020674484654195868,497,2024,0.09843179273793273
2024-03-05,-0.06288058705908206,-0.02945390660487395,497,2024,0.09650622071220283
2024-03-06,-0.09235817157120726,-0.025051382291354677,497,2024,0.09646825828163759
2024-03-07,-0.12755458127701302,-0.02018513078772831,497,2024,0.09515416579204282
2024-03-08,-0.17253638425969733,-0.03742825769305667,497,2024,0.09312980486885557
2024-03-11,-0.05898146359697244,-0.016313875951926928,497,2024,0.09356915557341978
2024-03-12,-0.08997953910794734,-0.02878434660494823,497,2024,0.09292305570323464
2024-03-13,-0.11323049060003237,-0.025108723887089908,497,2024,0.09223643485227369
2024-03-14,-0.08002112949754493,-0.007815791256735368,497,2024,0.09185840711919065
2024-03-15,-0.08051642540825989,-0.01492893951935335,497,2024,0.09062691747744936
2024-03-18,-0.1733452600562567,-0.031275417015096944,497,2024,0.08650880601159813
2024-03-19,-0.05054569547092114,-0.004382782724299,497,2024,0.08144488588667459
2024-03-20,-0.15472821382238242,-0.031774448964159895,497,2024,0.07418834563963402
2024-03-21,-0.24590107688493965,-0.03929863035609438,497,2024,0.06550428332647103
2024-03-22,-0.3012130302217502,-0.06309107065038148,497,2024,0.056315483757516445
2024-03-25,-0.31301841362985533,-0.05405864958782637,497,2024,0.046989172587887304
2024-03-26,-0.3069390095310254,-0.05262059738911312,498,2024,0.03817985273565781
2024-03-27,-0.2569693604075621,-0.04306138736024785,499,2024,0.030023136813236727
2024-03-28,-0.25846942076924934,-0.0521608476729139,499,2024,0.021643193995413045
2024-04-01,-0.24316411135524058,-0.04941574152248415,499,2024,0.013072609103412581
2024-04-02,-0.17742395634642777,-0.037720015319474165,499,2024,0.005606081434190677
2024-04-03,-0.1681857208392689,-0.03083824811213723,499,2024,0.0008432732911162129
2024-04-04,-0.22120298428181662,-0.042917171055778726,499,2024,-0.0069108830753192895
2024-04-05,-0.17636313591037495,-0.03686209201390428,499,2024,-0.013909465322633926
2024-04-08,-0.11820856170171667,-0.021449383986011747,499,2024,-0.019327147918266115
2024-04-09,-0.14154767366057414,-0.026468658035310975,499,2024,-0.025661331288201673
2024-04-10,-0.1763572446097013,-0.03457015424109839,499,2024,-0.03270993905792054
2024-04-11,-0.17550020522973656,-0.03804501489176664,499,2024,-0.039505165446125194
2024-04-12,-0.11904058719849335,-0.0397465495951104,499,2024,-0.04524004438506555
2024-04-15,-0.16927667382958686,-0.0343998146341149,499,2024,-0.051849413171414234
2024-04-16,-0.12268817152377043,-0.022954150063674406,499,2024,-0.058848868650727026
2024-04-17,-0.057836926865779736,-0.002704245476780144,499,2024,-0.06303298591049324
2024-04-18,0.05675553516671897,0.021563468728861494,499,2024,-0.06512978188798146
2024-04-19,0.05051056329526522,0.022021651472446606,499,2024,-0.06688175637636815
2024-04-22,0.10277161552019701,0.06202095037697447,499,2024,-0.06675555559377845
2024-04-23,0.15843185165511744,0.06501389738592259,499,2024,-0.06395664264972155
2024-04-24,0.03885728082671367,0.02548450579670304,499,2024,-0.06257843649234142
2024-04-25,0.1441679503585484,0.05297998336145417,499,2024,-0.06044484473671752
2024-04-26,0.14478711640147762,0.05218092227048633,499,2024,-0.05930397942753911
2024-04-29,0.0903629910423256,0.04113993598622365,499,2024,-0.059318710395371954
2024-04-30,0.09739169906077214,0.051010777540519574,499,2024,-0.058822886584635026
2024-05-01,0.1324946760991863,0.05395725672766783,499,2024,-0.05839597581003743
2024-05-02,0.05636149407248231,0.004267794037874587,499,2024,-0.05979595418786454
2024-05-03,-0.07051143250356133,-0.013359290454649272,499,2024,-0.06384434002684784
2024-05-06,-0.036782866938696666,-0.013209981740075514,499,2024,-0.06622855017756309
2024-05-07,-0.07364589419803462,-0.02906297404603543,499,2024,-0.06813360998791418
2024-05-08,0.06720824782094309,0.01659231159279305,499,2024,-0.06804601565087282
2024-05-09,0.043407393099451914,-0.009375572175458851,499,2024,-0.06876592496784587
2024-05-10,0.0726819421976483,0.015843023701155007,499,2024,-0.06809114219232176
2024-05-13,0.09107216843325204,0.024815392702028028,499,2024,-0.06628999131676333
2024-05-14,0.08323857353260739,0.020845714631037664,499,2024,-0.065776463989646
2024-05-15,0.1442723519327812,0.016694716575661322,499,2024,-0.06372766116986543
2024-05-16,0.09332689475336213,0.015660894108156333,499,2024,-0.06152459384892489
2024-05-17,0.07925953111041358,0.026138439345022364,499,2024,-0.05951069573649624
2024-05-20,0.1333332689475336,0.03240297937967076,499,2024,-0.05689831293441232
2024-05-21,0.09874003428543833,0.019016588839846207,499,2024,-0.05593931426123931
2024-05-22,0.11032706376608639,0.01470265718946212,499,2024,-0.053873487100297615
2024-05-23,0.0782924885916411,0.010800694061762931,499,2024,-0.05208210696048729
2024-05-24,0.0019178598160175771,-0.000977955048932059,499,2024,-0.05225345506722299
2024-05-28,0.019854166163652605,0.004464779255832243,499,2024,-0.051091263434140555
2024-05-29,0.05062162879976821,0.024186908087260466,499,2024,-0.049523975610465065
2024-05-30,0.0872400222131009,0.017518704247077434,499,2024,-0.04801230212541642
2024-05-31,0.10956979018277518,0.03869290051267309,499,2024,-0.04469452638033192
2024-06-03,0.14743308303353694,0.06088347840151258,499,2024,-0.04130531933310578
2024-06-04,0.16446174276263367,0.0671323280262131,499,2024,-0.03769671092323728
2024-06-05,0.20543940893835863,0.07897564669098041,499,2024,-0.03296976520086321
2024-06-06,0.10547746094598837,0.049450026003459956,499,2024,-0.02927084389573621
2024-06-07,0.16074394572277081,0.048734636313995265,499,2024,-0.023980679927760522
2024-06-10,0.11189511553226936,0.057231213107052925,499,2024,-0.021268353274915417
2024-06-11,0.08649037834705556,0.0403417008643262,499,2024,-0.018467243474042355
2024-06-12,0.05807615230460922,0.036325996502627175,499,2024,-0.015748090412063914
2024-06-13,-0.0013240939710746791,0.021285610887540406,499,2024,-0.01449893111799296
2024-06-14,0.12150006036168721,0.028295245640953686,499,2024,-0.011292320232755705
2024-06-17,0.156258541178743,0.03110368512654607,499,2024,-0.006060513863946186
2024-06-18,0.020878383272569235,0.0015032483801904473,499,2024,-0.0049267983283352275
2024-06-20,-0.0230909047009682,-0.0014201051615219083,499,2024,-0.0028373172311699233
2024-06-21,-0.05256768959605959,-0.0017639034458541095,499,2024,0.00023146669405039525
2024-06-24,0.0006080594924789337,0.008646594147471133,499,2024,0.005022277641895302
2024-06-25,0.018146847912692853,0.011831773030423539,499,2024,0.01027886909495162
2024-06-26,-0.08085356254678029,-0.009235835427891158,499,2024,0.013867526983590433
2024-06-27,-0.10368090397662795,-0.01002108810451001,499,2024,0.016300677085668753
2024-06-28,-0.0759105681242002,-0.022736725382575915,499,2024,0.019198436651463185
2024-07-01,-0.13869686360673153,-0.03712535452290198,499,2024,0.020856646933185546
2024-07-02,-0.039385083419851745,0.0038162427752817182,499,2024,0.023047740154242314
2024-07-03,-0.044603327136200105,-0.003302170778946751,499,2024,0.025009365451116417
2024-07-05,-0.1331949682497525,-0.02970514705601153,499,2024,0.026406318086546005
2024-07-08,-0.18607866335079795,-0.051893833041897576,499,2024,0.026252103365269452
2024-07-09,-0.13049211676364778,-0.037592817527565534,499,2024,0.026057126300794355
2024-07-10,-0.1240689571914914,-0.04398372670500555,499,2024,0.026334566244748052
2024-07-11,-0.10324890745346112,-0.06555627624974425,499,2024,0.027495016040878846
2024-07-12,-0.17857053866769682,-0.08366009049194634,499,2024,0.02744628058948265
2024-07-15,-0.19918767655793515,-0.07099476182134508,499,2024,0.026174104567904213
2024-07-16,-0.22979066566868675,-0.09062199735081405,499,2024,0.025213565014902625
2024-07-17,-0.13093039090228648,-0.03216844700353824,499,2024,0.02508273613587856
2024-07-18,-0.12976256126711253,-0.04437721590443223,499,2024,0.02394105939934947
2024-07-19,-0.037233309993480936,-0.009117461550978832,499,2024,0.022449172968235186
2024-07-22,-0.09755878021102445,-0.035785157479160445,499,2024,0.02009886592845281
2024-07-23,-0.09944621773667815,-0.02221208743781102,499,2024,0.01688905905135955
2024-07-24,-0.07334379602578651,-0.023178378402541236,499,2024,0.01321008051674203
2024-07-25,0.053459690465267884,0.013191035338829529,499,2024,0.013441864796719081
2024-07-26,-0.024442137286621434,-0.015208831508491017,499,2024,0.010765514199176702
2024-07-29,0.004304126324939034,0.0022796105842560876,499,2024,0.008535625467803074
2024-07-30,-0.0760561122244489,0.0009456153619245879,499,2024,0.005894052400076494
2024-07-31,-0.09522775671825577,-0.0018906053633839567,499,2024,0.0028366007210443057
2024-08-01,-0.090379216263853,-0.01496846476888843,499,2024,-0.0007010801101150483
2024-08-02,0.2439355820073882,0.08009611175301037,499,2024,0.002276286365042188
2024-08-05,0.4419634449622135,0.1589211265708933,499,2024,0.010410808229578296
2024-08-06,0.0010047082116039308,0.014948916063069929,499,2024,0.0110106110097418
2024-08-07,-0.04188231885457662,0.0076356484138418775,499,2024,0.011514794745352242
2024-08-08,-0.05162083202549677,0.004185992326027189,499,2024,0.009628618874773832
2024-08-09,-0.2061221237656035,-0.03154914322582434,499,2024,0.005667832892788827
2024-08-12,-0.20392843518362025,-0.01810179092737256,499,2024,0.001277191981975039
2024-08-13,-0.17433517637685006,-0.04083061738697848,499,2024,-0.002935623015010708
2024-08-14,-0.14394794408093295,-0.03401049752295612,499,2024,-0.006541758215225634
2024-08-15,-0.20371016732259695,-0.038713854570444683,499,2024,-0.012065290266898303
2024-08-16,-0.20090726030373998,-0.046387055776800815,499,2024,-0.016735673680503098
2024-08-19,-0.20729265760436535,-0.042718537994631114,499,2024,-0.021284121120420225
2024-08-20,-0.19154530748243476,-0.041696082441400065,499,2024,-0.026440923920895913
2024-08-21,-0.18764227249680082,-0.04330561647021717,499,2024,-0.030986674822201295
2024-08-22,-0.05765207523480695,-0.02615100787132473,499,2024,-0.033653010361898016
2024-08-23,-0.05878861337132096,-0.017254583715387337,499,2024,-0.03582890086924662
2024-08-26,-0.07221372866214357,-0.01188954656367219,499,2024,-0.03700559274985236
2024-08-27,0.03155921481517251,0.013899147320681572,499,2024,-0.036819798326812356
2024-08-28,-0.003845570659391071,0.0041275690659260495,499,2024,-0.03768435704838631
2024-08-29,0.1577925972426781,0.037889532902676326,499,2024,-0.036564474905059687
2024-08-30,0.11966583769949536,0.01892337667995513,499,2024,-0.03640422018257207
2024-09-03,0.14397479295941276,0.021853518823429972,499,2024,-0.03645911367581214
2024-09-04,0.2887938769104474,0.05643598096165062,499,2024,-0.03448558773695795
2024-09-05,0.3567037689837506,0.09107950286568414,499,2024,-0.03208456614893585
2024-09-06,0.38541169085158267,0.08045250244240862,499,2024,-0.027641165674243882
2024-09-09,0.4252247144892194,0.1198628185292346,499,2024,-0.0234430582335066
2024-09-10,0.448137431489485,0.1114760412448906,499,2024,-0.018105878615138096
2024-09-11,0.46166801072023556,0.13800597664623998,499,2024,-0.012150678101278099
2024-09-12,0.3876471014317792,0.09861544693988866,499,2024,-0.006919393194497622
2024-09-13,0.4233824757949634,0.10357725482911875,499,2024,-0.00017801907122717687
2024-09-16,0.462586570731825,0.1288110549395044,499,2024,0.005236052521949614
2024-09-17,0.4636501919501653,0.11311462460210871,499,2024,0.010115285073876953
2024-09-18,0.2655203418885964,0.05859912991249688,499,2024,0.013998490766194844
2024-09-19,0.12741241519182941,0.026184633603700453,499,2024,0.016387432351794805
2024-09-20,0.12084892676920103,0.022567711563642186,499,2024,0.019140077056005293
2024-09-23,0.09815563657435353,0.008810398436415243,499,2024,0.020688451295400128
2024-09-24,0.0651368278726127,0.014541042796530106,499,2024,0.021434323993176633
2024-09-25,0.08217582152256318,0.015431594051116014,499,2024,0.024022091994277323
2024-09-26,-0.1180983654055098,-0.024253435756343134,499,2024,0.02379324340016809
2024-09-27,-0.054360576574836415,-0.007561197571771483,499,2024,0.024135306758094496
2024-09-30,0.08710819228819083,0.021721424435741776,499,2024,0.027719513994521838
2024-10-01,0.0884506362121834,0.03272732313718359,499,2024,0.029748652401379534
2024-10-02,0.21610662288432284,0.06926097944819967,499,2024,0.03388690557630847
2024-10-03,0.13360958060699712,0.040832731994427204,499,2024,0.0381218984153045
2024-10-04,-0.045305647439457225,-0.017831300192998494,499,2024,0.04035639073135752
2024-10-07,0.0645742569476302,0.0018944956533285314,499,2024,0.04345268237756829
2024-10-08,0.04832151049086123,-0.009061613163718053,499,2024,0.0461890390074469
2024-10-09,-0.03363507738368302,-0.027813394772053614,499,2024,0.04729402043712591
2024-10-10,0.03599275659753241,0.004841919513847704,499,2024,0.05069978702863749
2024-10-11,0.025716300070019557,-0.00020138230365774126,499,2024,0.054269691419557405
2024-10-14,-0.029688195668445317,-0.0207992669649844,499,2024,0.05744592110210092
2024-10-15,-0.07589675737016201,-0.01213572085752946,499,2024,0.058319470840706066
2024-10-16,0.002626264577347466,0.008944861727502095,499,2024,0.060420880774745125
2024-10-17,-0.020133858077600982,0.007643532407553422,499,2024,0.06069230064642575
2024-10-18,-0.024574546683728903,-0.01285564381104556,499,2024,0.06185078054368441
2024-10-21,-0.06984928893932443,-0.031317433636669216,499,2024,0.06232057306427733
2024-10-22,-0.12329410628485885,-0.04369727641709762,499,2024,0.06152771099667301
2024-10-23,-0.1241448680493517,-0.03914243198370328,499,2024,0.058708591020250465
2024-10-24,-0.03323929787285414,-0.027112553283169076,499,2024,0.05856895355062773
2024-10-25,-0.03822295192795228,-0.015370859269070135,499,2024,0.0578939205624866
2024-10-28,-0.06565458628099571,-0.02770696422698649,499,2024,0.05805902414889062
2024-10-29,-0.056973706449042656,-0.003910085860433224,499,2024,0.058666231296020985
2024-10-30,-0.10455706593910713,-0.030269338660699748,499,2024,0.05844118606308044
2024-10-31,-0.1337623681097134,-0.051347473744383546,499,2024,0.05244598050566613
2024-11-01,-0.06567071492382355,-0.014363278395757578,499,2024,0.04438829542810999
2024-11-04,-0.0325346596808074,0.017210860328679987,499,2024,0.043855924509182825
2024-11-05,-0.047161890045150534,0.021793944848612537,499,2024,0.04377212179187213
2024-11-06,-0.01927614264673926,0.0036513018683324424,499,2024,0.044285529559788914
2024-11-07,-0.12458256271579302,-0.0029920273764624337,499,2024,0.045579808306611305
2024-11-08,-0.12895323176473428,0.014501895465541106,499,2024,0.04676989090056188
2024-11-11,-0.030511239346162202,0.03878508380484135,499,2024,0.04905281053596962
2024-11-12,-0.07674742255595528,0.022973471196572615,499,2024,0.050119485480810536
2024-11-13,0.059460414805514644,0.03748962489552948,499,2024,0.05429679630824088
2024-11-14,-0.005757056281237172,0.03388011700875693,499,2024,0.05739441859431235
2024-11-15,0.0590773836830287,0.0470543248060819,499,2024,0.06162251448776305
2024-11-18,0.18536224255740394,0.0759750708821704,499,2024,0.06760517401220494
2024-11-19,0.2025058309389864,0.06585468630256686,499,2024,0.07379800105086821
2024-11-20,0.21724634811792257,0.05957406267265999,499,2024,0.07816146808821313
2024-11-21,0.1546201801192747,0.048627490405925726,499,2024,0.08154890925473053
2024-11-22,0.16046164618393413,0.053583590438435955,499,2024,0.08524216917292224
2024-11-25,0.12492667262235312,0.04385152828440565,499,2024,0.08672419231271876
2024-11-26,0.10647734022261389,0.031631027340060625,499,2024,0.08847534962830614
2024-11-27,0.1692335997295796,0.0501769071108786,499,2024,0.08865695284238394
2024-11-29,0.17802052297365814,0.04302553048537171,499,2024,0.08958321768800556
2024-12-02,0.09743902262356036,0.03191287706973535,499,2024,0.08884455466680155
2024-12-03,0.0315979428736992,0.01906659067812627,499,2024,0.0847620795233611
2024-12-04,-0.07187773136634715,-9.270337013896415e-06,499,2024,0.07795919856542305
2024-12-05,-0.056847478088707534,0.005599795778728572,499,2024,0.07093921175684702
2024-12-06,0.12129531351860347,0.04052276296704008,499,2024,0.06611493555096423
2024-12-09,0.14340343337276962,0.04649136032634492,499,2024,0.06127788796181001
2024-12-10,0.08182330926914068,0.03210980217505448,499,2024,0.05524860698639581
2024-12-11,0.0853131805780235,0.04657090610472815,499,2024,0.050449655861733014
2024-12-12,0.10603259531110412,0.03604332532419991,499,2024,0.04541235617151303
2024-12-13,0.11397329598956948,0.03261413537800543,499,2024,0.039878812127985164
2024-12-16,0.12506487674143468,0.039535236742469754,499,2024,0.0345044420453069
2024-12-17,0.09057459497307868,0.03477810264890127,499,2024,0.03172752542760027
2024-12-18,0.14846811695680515,0.053147702730246354,499,2024,0.03206174291593322
2024-12-19,0.21055392713137117,0.053469024727784656,499,2024,0.033485631810570834
2024-12-20,0.3173614699278074,0.08956650268103508,499,2024,0.036965089482847886
2024-12-23,0.2727331289084192,0.0672657974092918,499,2024,0.04026026886436862
2024-12-24,0.1923170678706811,0.05806130776368719,499,2024,0.04200854261592605
2024-12-26,0.04055909409179805,0.02050447442175404,499,2024,0.04452691498889919
2024-12-27,0.049274935412994665,0.01158379760521568,499,2024,0.04617192311569016
2024-12-30,0.0645799550909047,0.01701710596104058,499,2024,0.04581433204906657
2024-12-31,0.03712523842866455,0.02213918157086797,499,2024,0.04499964319535992
2025-01-02,0.11918893208102951,0.05118282901947148,499,2025,0.04346126715086321
2025-01-03,0.028427843639085397,0.024585419838551476,499,2025,0.04179171577042016
2025-01-06,0.036558418040901076,0.019198980450855392,499,2025,0.0430911453812195
2025-01-07,0.01292039500688123,0.023471275439907728,499,2025,0.04227124281073142
2025-01-08,0.061862037327667374,0.03876742509076854,499,2025,0.042486171808141036
2025-01-10,0.048087790037907134,0.055326963379786445,499,2025,0.043783360179912315
2025-01-13,0.12518125407441388,0.08619434489340867,499,2025,0.04519905061605329
2025-01-14,0.06372986937730883,0.05555338427581859,499,2025,0.04580244060505788
2025-01-15,0.06716420793394016,0.08910561970690326,499,2025,0.04733978034477828
2025-01-16,0.0002569959195499433,0.0486840148068908,499,2025,0.04854857007953562
2025-01-17,-0.025312601105826105,0.05042060427917642,499,2025,0.048105096021072546
2025-01-21,-0.002638916386990849,0.06870561274220123,499,2025,0.04838279350822509
2025-01-22,-0.0323585001327957,0.03856179884057449,499,2025,0.04825923869157324
2025-01-23,-0.048344689378757515,0.013188119459733388,499,2025,0.04860058154174096
2025-01-24,-0.12646072868628822,-0.004572465898569391,499,2025,0.048550317694099225
2025-01-27,-0.08414622015114565,0.006397997329276369,499,2025,0.04918521686708662
2025-01-28,-0.1119011999903421,-0.000728042164818761,499,2025,0.04793661524617411
2025-01-29,-0.04359997102639013,0.014113961563860907,499,2025,0.0478512657366751
2025-01-30,-0.15473761981794912,-0.01640873579766218,499,2025,0.04643724933132664
2025-01-31,-0.10707149238235507,-0.010639891262550945,499,2025,0.045642046380004214
2025-02-03,-0.23125064587005334,-0.06486433297299984,499,2025,0.0436310371747511
2025-02-04,-0.20217495231426705,-0.03995008432498001,499,2025,0.04254512313975819
2025-02-05,-0.14033522466619985,-0.016998033680019925,499,2025,0.0413599721914665
2025-02-06,-0.15497336842359416,-0.03819259789385697,499,2025,0.03941650062412068
2025-02-07,-0.17525045271265421,-0.06117710063490191,499,2025,0.03738334883574761
2025-02-10,-0.27087823840451986,-0.11771441001728616,499,2025,0.033389664776100295
2025-02-11,-0.3057286621435642,-0.10685924386722082,499,2025,0.030514329864548367
2025-02-12,-0.3163576309244996,-0.10311138567144225,499,2025,0.027539656862012412
2025-02-13,-0.2924619058476234,-0.11111224026717724,500,2025,0.023381709774687627
2025-02-14,-0.2837427669710678,-0.08580378881067532,500,2025,0.02009606938714616
2025-02-18,-0.215312829251317,-0.05598764401083011,500,2025,0.01573458932275201
2025-02-19,-0.23538958155832623,-0.08375639720524566,500,2025,0.012089628604068054
2025-02-20,-0.22418480073920294,-0.07849819389013117,500,2025,0.0075934034545088215
2025-02-21,-0.33878535514142055,-0.09140598582357334,500,2025,-0.0007263996835677573
2025-02-24,-0.29243032172128686,-0.05690039572620406,500,2025,-0.008582529090873682
2025-02-25,-0.09927054108216433,-0.01414206543799068,500,2025,-0.013606606697224266
2025-02-26,-0.1326619706478826,-0.02503476958102273,500,2025,-0.018166640836385493
2025-02-27,-0.31260489841959366,-0.06700353810695306,500,2025,-0.02567563360787006
2025-02-28,-0.2849882759531038,-0.041799159857075524,500,2025,-0.032182220093194776
2025-03-03,-0.38553360613442456,-0.08692652529825584,500,2025,-0.039991917654417605
2025-03-04,-0.2979704078816315,-0.04537283421321172,500,2025,-0.047407854283166996
2025-03-05,-0.3513947175788703,-0.07316824302574543,500,2025,-0.055811270799873795
2025-03-06,-0.21013917655670622,-0.028734075950301592,500,2025,-0.0606934644376558
2025-03-07,-0.3489950919803679,-0.09554022051276398,500,2025,-0.06673462372105368
2025-03-10,-0.27957212628850514,-0.06649451278549867,500,2025,-0.07003136014838954
2025-03-11,-0.12769491077964312,-0.015829553591829314,500,2025,-0.07115592257205518
2025-03-12,-0.3240094560378241,-0.08104453482075685,500,2025,-0.07822425224755401
2025-03-13,0.014713594854379418,0.005923493567045453,500,2025,-0.08026694809705229
2025-03-14,-0.11860261841047363,-0.03514919838455763,500,2025,-0.08344831202847473
2025-03-17,-0.051108780435121744,-0.009651755893467217,500,2025,-0.08561373998106434
2025-03-18,-0.1077945111780447,-0.01776537155023275,500,2025,-0.08900782103644765
2025-03-19,-0.09550982203928815,-0.017153030810787402,500,2025,-0.09233294989404857
2025-03-20,-0.16113702854811418,-0.03832922190214996,500,2025,-0.09687583727959696
2025-03-21,-0.20086313945255782,-0.05482265374469233,500,2025,-0.1015018330641309
2025-03-24,-0.3480588002352009,-0.10115608964493261,500,2025,-0.10938321270209922
2025-03-25,-0.31259049836199343,-0.0912782187751324,500,2025,-0.11768709247183519
2025-03-26,-0.27137148548594187,-0.07979562408834869,500,2025,-0.12703206001808515
2025-03-27,-0.035000780003120006,0.010573829879850439,500,2025,-0.13191672523890324
2025-03-28,0.09609043236172944,0.04595387062729345,500,2025,-0.13344413215174378
2025-03-31,0.2644365137460549,0.08631705051068438,500,2025,-0.1298905223159619
2025-04-01,0.2287218748874995,0.07955310228249601,500,2025,-0.12704215819731896
2025-04-02,0.2194445897783591,0.07827694044392458,500,2025,-0.12458398939275621
2025-04-03,0.3670761883047532,0.09942440817501277,500,2025,-0.11934667272805637
2025-04-04,0.5958565274261096,0.23594113160713545,500,2025,-0.1117805204209916
2025-04-07,0.5653938775755103,0.2640333805838613,500,2025,-0.10325725004104835
2025-04-08,0.4104934179736719,0.1129940525466809,500,2025,-0.0973217738516393
2025-04-09,0.4559244476977907,0.15028859089081778,500,2025,-0.09028996349146613
2025-04-10,0.373688598754395,0.11056790227169636,500,2025,-0.08534033553231171
2025-04-11,0.43355165420661673,0.13095523937564457,500,2025,-0.07922186149788776
2025-04-14,0.5254251737006947,0.14493248011451165,500,2025,-0.0728687834085817
2025-04-15,0.5996531506126024,0.2314915110769214,500,2025,-0.06436206465881515
2025-04-16,0.5455785343141372,0.27572781642030225,500,2025,-0.05676818646230408
2025-04-17,0.6291146124584498,0.25904402053496567,500,2025,-0.04678631953311519
2025-04-21,0.6128646274585099,0.25943164882108105,500,2025,-0.03665652225431621
2025-04-22,0.6285742262969052,0.2751546302840195,500,2025,-0.026637266021238497
2025-04-23,0.5370895083580334,0.18281530224715592,500,2025,-0.01759840874360629
2025-04-24,0.5448426913707655,0.17047812487423586,500,2025,-0.008182736033296405
2025-04-25,0.5278328633314534,0.14551892565292018,500,2025,0.0022028765384137818
2025-04-28,0.4366686906747627,0.09179473452103862,500,2025,0.010469779884856771
2025-04-29,0.5011789327157309,0.11022539745725467,500,2025,0.020201210562730946
2025-04-30,0.5095051420205681,0.13088890518208837,500,2025,0.028980656801571553
2025-05-01,0.4556301105204421,0.10779003286021678,500,2025,0.03866903347360951
2025-05-02,0.38988482353929416,0.0718720352627986,500,2025,0.046557228964429334
2025-05-05,0.3393035652142608,0.07318245898775519,500,2025,0.055613645013386705
2025-05-06,0.3431132444529778,0.07258946540853056,500,2025,0.06426901321604138
2025-05-07,0.3473823815295261,0.08185010814444475,500,2025,0.07201056252073545
2025-05-08,0.3323386413545654,0.06744238901993968,500,2025,0.07974567378705544
2025-05-09,0.25273137892551567,0.06750740099547309,500,2025,0.08653903619401052
2025-05-12,0.15917727670910684,0.038638260848013806,500,2025,0.09336531421168713
2025-05-13,0.04809504038016152,0.029174099772880935,500,2025,0.09898156345809547
2025-05-14,-0.013944919779679116,0.003737175885854205,500,2025,0.103781765222299
2025-05-15,0.00799126396505586,0.004170050347196372,500,2025,0.10855086315583357
2025-05-16,-0.023151068604274416,-0.012940281192055779,500,2025,0.11268723932038585
2025-05-19,0.049991047964191855,0.02801848304939286,500,2025,0.11689841197460027
2025-05-20,0.056713186852747406,0.03913656264738166,500,2025,0.12153496385414111
2025-05-21,0.037890967563870254,0.03241084463319806,500,2025,0.12569489668434863
2025-05-22,0.014728186912747649,0.010943291045224034,500,2025,0.13130622274870052
2025-05-23,0.044743858975435896,0.02015496671542424,500,2025,0.1366581938708707
2025-05-27,0.10119074076296306,0.049917936676749514,500,2025,0.1398401189795235
2025-05-28,0.06333682934731738,0.032848909695984474,500,2025,0.1429512110429394
2025-05-29,0.133376213504854,0.030426940655252692,500,2025,0.15003027631158142
2025-05-30,0.1745449221796887,0.0481560672544822,500,2025,0.15732445405972098
2025-06-02,0.23072885891543565,0.07049565201516203,500,2025,0.16710639794940133
2025-06-03,0.2114760779043116,0.04426464159621825,500,2025,0.17519285010473376
2025-06-04,0.06077601910407641,0.01654444415856888,500,2025,0.1817352427504948
2025-06-05,-0.026051336205344822,-0.003618862826580723,500,2025,0.18465727196242118
2025-06-06,0.022132792531170124,-0.0032881050213757384,500,2025,0.1905481907641916
2025-06-09,-0.0023395293581174323,-0.005195175567898029,500,2025,0.19494870817578505
2025-06-10,-0.024907683630734524,-0.011677349318476343,500,2025,0.196580251463863
2025-06-11,-0.05598406393625573,-0.007096206052742246,500,2025,0.20083462276706252
2025-06-12,-0.0574560378241513,-0.02098441038816814,500,2025,0.19968907304200642
2025-06-13,0.09283688334753337,0.013543875573289,500,2025,0.20304525560959386
2025-06-16,0.12349326197304789,0.022990721518801577,500,2025,0.2058167166001997
2025-06-17,0.10176434305737223,0.013133960700224837,500,2025,0.2091430476198095
2025-06-18,0.20501698006792027,0.04854039025097664,500,2025,0.21391331431992394
2025-06-20,0.20508494833979338,0.035215637873683654,500,2025,0.21972636157211292
2025-06-23,0.27658545834183335,0.06625383165741175,500,2025,0.22730491074345247
2025-06-24,0.036660626642506564,0.002577024355154265,500,2025,0.2334115683129399
2025-06-25,-0.055532958131832524,-0.01823934551163747,500,2025,0.23749184672929166
2025-06-26,-0.07167091068364273,-0.03188169005385494,500,2025,0.24066169712297894
2025-06-27,-0.04899792399169597,-0.023937193591408158,500,2025,0.2404395202342714
2025-06-30,-0.04268330673322693,-0.02190041757063894,500,2025,0.23823676247085937
2025-07-01,-0.058470281881127524,-0.014249905933576997,500,2025,0.23311125777836442
2025-07-02,0.05372815091260365,0.01460347484342433,500,2025,0.23033357962003273
2025-07-03,0.09906423625694502,0.025140727641012363,500,2025,0.22842278035778807
2025-07-07,0.03029580118320473,-0.004576976793570366,500,2025,0.22307705992728732
2025-07-08,0.02512618050472202,-0.009795264729694067,500,2025,0.21401784807139226
2025-07-09,0.0755566222264889,-0.005347774551390801,500,2025,0.20624265354204274
2025-07-10,0.08136752547010187,0.025140130211577405,500,2025,0.20101843302611302
2025-07-11,0.10410598442393769,0.014706725900788881,500,2025,0.19543401297414714
2025-07-14,0.05183185532742131,0.021787018442011925,500,2025,0.1903251757768936
2025-07-15,0.06978152712610851,0.011738513097410752,500,2025,0.18455104677561565
2025-07-16,0.06178786315145261,0.006148785323480763,500,2025,0.17719172438594516
2025-07-17,0.05594959979839919,0.0023891867332955855,500,2025,0.1685615092936562
2025-07-18,0.03810543242172969,-0.001605351273421457,500,2025,0.16050638069218942
2025-07-21,0.039141756567026266,-0.00013905692326528218,500,2025,0.15114173218597635
2025-07-22,0.06351990207960832,0.0013095214851997425,500,2025,0.1424219746402795
2025-07-23,0.09473308293233172,0.016930628484248696,500,2025,0.1339483056979847
2025-07-24,0.10233775335101342,0.019779746412676595,500,2025,0.12704748418993675
2025-07-25,0.04179943119772479,-3.9110949229589215e-05,500,2025,0.11906267053639644
2025-07-28,-0.022940443761775047,-0.0106658392185748,500,2025,0.11032023709047217
2025-07-29,-0.04146342985371941,-0.020495133977179066,500,2025,0.10273083835192483
2025-07-30,-0.009008388033552134,-0.0028006767728443807,500,2025,0.09463262691146003
2025-07-31,-0.09610617642470569,-0.04950446645905961,500,2025,0.08501974884090013
2025-08-01,0.03473965895863583,-0.0059676807283042775,500,2025,0.07833894802245873
2025-08-04,-0.007402397609590439,-0.0015122733088636436,500,2025,0.07203280165501613
2025-08-05,-0.031314941259765035,0.0009543300852548423,500,2025,0.0661499682189205
2025-08-06,0.01780106320425282,0.015164034383525284,500,2025,0.06098628280227406
2025-08-07,0.007190140760563042,0.020266281716274405,500,2025,0.05558640596467147
2025-08-08,0.08453861015444061,0.039147008585999996,500,2025,0.05165307213609806
2025-08-11,0.15475242700970804,0.04319141114193877,500,2025,0.05009785067711698
2025-08-12,0.14054571418285672,0.05963957748666761,500,2025,0.04980211158939873
2025-08-13,0.0020142800571202285,0.029027453289019945,500,2025,0.049070670949350456
2025-08-14,0.05971607886431546,0.04355583296962199,500,2025,0.05023989315004879
2025-08-15,0.07675374701498806,0.06127112150368932,500,2025,0.05133136113496835
2025-08-18,0.12625480901923608,0.08147294511061853,500,2025,0.0537028830020082
2025-08-19,0.004190704762819051,0.0494286368847381,500,2025,0.05297589342738323
2025-08-20,0.1422814011256045,0.08390180808314143,500,2025,0.054334119050761916
2025-08-21,0.17054180216720866,0.09952301750472844,500,2025,0.056439687853989506
2025-08-22,0.22733159732638927,0.11688471209594524,500,2025,0.05981434516214255
2025-08-25,0.17753427813711253,0.10778313751976043,500,2025,0.06192212959328027
2025-08-26,0.09603494413977656,0.06268050120207147,500,2025,0.06184029155164239
2025-08-27,0.040066432265729056,0.04320698792417997,500,2025,0.061470920169394955
2025-08-28,0.007988287953151813,0.04193270703319819,500,2025,0.05948063563682826
2025-08-29,0.039931455725822906,0.03774216082509665,500,2025,0.057343913947084345
2025-09-02,0.14801819207276828,0.10068016174605296,500,2025,0.05603104621942296
2025-09-03,0.08241152964611857,0.06805425317940286,500,2025,0.05398240259627705
2025-09-04,0.0991314365257461,0.07886611632448276,500,2025,0.05459121874582736
2025-09-05,0.13437116148464592,0.058478882083361855,500,2025,0.05713760759804944
2025-09-08,0.0964319057276229,0.03936684054141293,500,2025,0.05831695860116773
2025-09-09,0.10611738446953786,0.04425994530079761,500,2025,0.060038496915892414
2025-09-10,0.04018700874803499,0.03318799171275827,500,2025,0.06107174600126971
2025-09-11,0.11501623606494424,0.04678438057787877,500,2025,0.06378603647747924
2025-09-12,0.14025454501818005,0.06681364131904119,500,2025,0.06692429969719878
2025-09-15,0.11215456061824247,0.03606526164955881,500,2025,0.06723092949514656
2025-09-16,0.09099041196164785,0.05834045816006202,500,2025,0.06671501124099735
2025-09-17,0.059566126264505054,0.04670239284599716,500,2025,0.06604519827603118
2025-09-18,-0.028764403057612232,0.025258447149689073,500,2025,0.06233438267086402
2025-09-19,-0.012362161448645794,0.006624775276285667,500,2025,0.058882841245650686
2025-09-22,-0.01315810063240253,0.0033043564475517245,500,2025,0.05428373713494853
2025-09-23,-0.012110544442177767,0.00797753390066419,500,2025,0.053509591562175766
2025-09-24,0.06511600446401784,0.03366690560301939,500,2025,0.055424654460522596
2025-09-25,0.06271349885399541,0.04021135243782785,500,2025,0.0575577403261994
2025-09-26,0.1384314017256069,0.0611580734229382,500,2025,0.0605328089883788
2025-09-29,0.09782621530486121,0.037061274242648184,500,2025,0.06276311886199924
2025-09-30,0.15452471409885637,0.06324038233197893,500,2025,0.06614399181406248
2025-10-01,0.15350307801231203,0.040627851035282644,500,2025,0.06772772081564515
2025-10-02,0.15992550370201478,0.04039097962601654,500,2025,0.0686937726798526
2025-10-03,0.07087631550526202,0.015866351024220876,500,2025,0.06933790782782177
2025-10-06,0.10632359329437319,0.014979143782239274,500,2025,0.07062675564987973
2025-10-07,0.06543280573122291,0.0017320093337081788,500,2025,0.07046606014995488
2025-10-08,0.06865909063636254,0.00995967748273762,500,2025,0.07026433896211774
2025-10-09,0.020896499585998346,-0.0029907085803704825,500,2025,0.06894355348849966
2025-10-10,-0.025796263185052737,-0.008175238425755085,500,2025,0.0677113611311588
2025-10-13,0.0027381229524918098,-0.01725512944804136,500,2025,0.06664718011252997
2025-10-14,-0.014542522170088681,-0.025027740172086546,500,2025,0.06543558669472771
2025-10-15,-0.01983934335737343,-0.006255267998092749,500,2025,0.06423258759701705
2025-10-16,-0.024862851451405803,-0.022961615351959126,500,2025,0.06323309102760219
2025-10-17,0.022428569714278854,0.003609634674934567,500,2025,0.06296780234739986
2025-10-20,-0.037081588326353304,-0.027418579216721552,500,2025,0.06137095329333697
2025-10-21,-0.09847181788727154,-0.02458500333781509,500,2025,0.058304208835882956
2025-10-22,-0.2227686030744123,-0.050659680567761,500,2025,0.05314379047992381
2025-10-23,-0.10509306037224148,-0.04029918879130501,500,2025,0.05081216362960689
2025-10-24,-0.2722360649442597,-0.06762053486433721,500,2025,0.04685509027750396
2025-10-27,-0.24406030965956535,-0.07013968276227787,501,2025,0.04363926678852228
2025-10-28,-0.2328200014314002,-0.07846568701583126,501,2025,0.040086701496492946
2025-10-29,-0.20016642412386385,-0.07766090440873694,501,2025,0.038434951533014246
2025-10-30,-0.2258880167950951,-0.0737333271167539,501,2025,0.03429800429882804
2025-10-31,-0.2280238566691319,-0.08545969750945509,501,2025,0.03079607637724802
2025-11-03,-0.21596516926306752,-0.07655192472038318,501,2025,0.027865120377195594
2025-11-04,-0.16487935682420024,-0.05912173118981971,501,2025,0.024965431170394757
2025-11-05,-0.08760350215902857,-0.03648228896238109,501,2025,0.023460770171671076
2025-11-06,-0.09312822959658372,-0.02468566790447171,501,2025,0.0206406616041945
2025-11-07,0.03674194241000072,0.017183804099019512,501,2025,0.018767479308961048
2025-11-10,-0.0020337333301524443,0.007885387867923454,501,2025,0.016504313475421223
2025-11-11,0.04633948040174631,0.017824459176076533,501,2025,0.01720788808406608
2025-11-12,0.04448715394861579,0.009408233821765699,500,2025,0.016966159117150215
2025-11-13,0.08443151943125701,0.00682115359670455,501,2025,0.017088028520583054
2025-11-14,0.15339971849130427,0.03443806435113352,501,2025,0.017518900099504773
2025-11-17,0.06875835579836344,0.0069490486076493095,501,2025,0.018543783449275316
2025-11-18,0.24371057089009235,0.04514567624510773,501,2025,0.020153770270933853
2025-11-19,0.14299248514922347,0.024952855133884722,501,2025,0.019716479524616626
2025-11-20,0.10457198749910537,0.021588770119631395,501,2025,0.017767914289262915
2025-11-21,0.2549904811890164,0.0767653648137116,501,2025,0.01899737782976933
2025-11-24,0.22632115847985304,0.05201346485398135,501,2025,0.02106541297802451
2025-11-25,0.22146632631152038,0.05266151391915501,501,2025,0.02394477637557675
2025-11-26,0.13964262709640482,0.03152154931646389,501,2025,0.026034527790549024
2025-11-28,0.15706057208292581,0.023060564736493882,501,2025,0.02789372011367764
2025-12-01,0.13206126392633064,0.021400442595333337,501,2025,0.027640435539924662
2025-12-02,0.055238113414605064,0.007515684774948717,501,2025,0.02720911147275778
2025-12-03,-0.0021158002719660284,-0.008347387066378824,501,2025,0.0256020124759687
2025-12-04,-0.09760994345969418,-0.01810923577347215,501,2025,0.021919772714947428
2025-12-05,-0.0778842951547105,-0.01637059312760003,501,2025,0.019152848891418325
2025-12-08,-0.013918076198201209,-0.004564458691570993,501,2025,0.01724752411891453
2025-12-09,-0.09574435193358305,-0.01274364363597886,501,2025,0.015089883473174562
2025-12-10,-0.1604467876995014,-0.03573356676614496,501,2025,0.010717454524532568
2025-12-11,-0.11814156547462844,-0.03693797514851029,501,2025,0.006615928961154656
2025-12-12,-0.14295727270558486,-0.03068868663794788,501,2025,0.0025665347814113645
2025-12-15,-0.06274246725672163,-0.023921012160904434,501,2025,0.0001263303493737538
2025-12-16,-0.09426294820717133,-0.014605100436276873,501,2025,-0.002315400991446506
2025-12-17,-0.08274513920366439,-0.010415977124573487,501,2025,-0.003172238073129874
2025-12-18,-0.04304811890163896,-0.02645777287960737,501,2025,-0.0036593167628599242
2025-12-19,-0.13891690722141375,-0.08309419035026269,501,2025,-0.005655488296018832
2025-12-22,-0.16164439248992057,-0.07559823667032431,501,2025,-0.008029041439633797
2025-12-23,-0.1334113605458406,-0.06565422245357871,501,2025,-0.011180269455663297
2025-12-24,-0.15945349142352747,-0.062224904840610294,501,2025,-0.01470672961879858
2025-12-26,-0.16358995157096168,-0.0642851519604121,501,2025,-0.019500719353664746
2025-12-29,-0.17436314621752513,-0.07740843410782694,501,2025,-0.023821185409575642
2025-12-30,-0.1667326383090393,-0.056478187582079085,501,2025,-0.028920508463669226
2025-12-31,-0.20878097192070044,-0.0746546415334633,501,2025,-0.034671048938796405
2026-01-02,-0.22597733616432472,-0.05544727126908508,501,2026,-0.04079649084143671
2026-01-05,-0.24770570412958942,-0.10276266397129677,501,2026,-0.04585334829595816
2026-01-06,-0.24713123553689437,-0.0950063481227282,501,2026,-0.051463742404390986
2026-01-07,-0.2620591168261088,-0.11145421906745465,501,2026,-0.056662026889427994
2026-01-08,-0.19976353269556504,-0.10174659032952509,501,2026,-0.06092270345025225
2026-01-09,-0.22006584440680393,-0.09289433008427601,501,2026,-0.0647475025612491
2026-01-12,-0.1830509817019348,-0.08073010629843407,501,2026,-0.06724360920437422
2026-01-13,-0.23506424600997214,-0.08997736946758648,501,2026,-0.07101824998155619
2026-01-14,-0.2325988023952096,-0.08944451846984397,501,2026,-0.07447946077878033
2026-01-15,-0.2610812796717322,-0.09630316937195611,501,2026,-0.07830869786313523
2026-01-16,-0.2680876971157287,-0.11801023718742187,501,2026,-0.08216940969907686
2026-01-20,-0.2276877639144023,-0.08328610590839555,501,2026,-0.08613951023286545
2026-01-21,-0.24782307894171815,-0.1234667969615508,501,2026,-0.08948461325850617
2026-01-22,-0.30363442040222344,-0.12135773216631485,501,2026,-0.09274116250477524
2026-01-23,-0.23721964835269702,-0.10786351472524353,501,2026,-0.09297054417585913
2026-01-26,-0.28707273898418306,-0.11352945255284655,501,2026,-0.0958591105030328
2026-01-27,-0.30993763866688934,-0.12847503431633064,501,2026,-0.09645754818116978
2026-01-28,-0.2872789560321588,-0.12210313512590307,501,2026,-0.09714355844105223
2026-01-29,-0.3018069041200468,-0.09303114352937396,501,2026,-0.09823858864245931
2026-01-30,-0.32115723930624807,-0.11327244384087806,501,2026,-0.10015907777233841
2026-02-02,-0.2671428775914307,-0.0606574436301322,501,2026,-0.10081391683259772
2026-02-03,-0.17522198630627192,-0.0591253233689719,501,2026,-0.09997579190620312
2026-02-04,-0.06148627048691463,-0.004802716395783512,501,2026,-0.09752374589388323
2026-02-05,0.11950960230932559,0.06987321498220693,501,2026,-0.0930096354314463
2026-02-06,0.009118591502254456,0.04647483450245425,501,2026,-0.09147436410348943
2026-02-09,0.10909273087291553,0.04868530146169411,501,2026,-0.08826450758810055
2026-02-10,-0.08127318271822889,0.015795198972171624,501,2026,-0.0901377635425169
2026-02-11,-0.002676241143211585,0.02772163030438024,501,2026,-0.09014796207923212
2026-02-12,-0.008586015220554908,0.022290598285873823,501,2026,-0.09101979534307816
2026-02-13,0.1080841663286972,0.04920506951776429,501,2026,-0.09001031895609275
2026-02-17,0.07871536608058784,0.04477811014539002,501,2026,-0.09010105154896052
2026-02-18,0.03952668368442399,0.039621987015325905,501,2026,-0.09190856003795862
2026-02-19,0.1168476751675931,0.02681441909945714,501,2026,-0.0911452375082883
2026-02-20,0.13950912517594294,0.056061162665786486,501,2026,-0.0927992287101002
2026-02-23,0.09709530739318177,0.05925924153238606,501,2026,-0.09352775534114849
2026-02-24,0.22344900636973067,0.0903120868084231,501,2026,-0.09164081853367824
2026-02-25,0.16485931722212946,0.06124043985729516,501,2026,-0.09307147192997803
2026-02-26,0.034234224777536564,0.010891519548718566,501,2026,-0.09612047087763384
2026-02-27,0.06807815444807597,0.033135834237732247,501,2026,-0.09855520376435518
2026-03-02,0.046164945010377656,0.020004418710810462,501,2026,-0.10003897649587944
2026-03-03,-0.005334828351265597,0.010155214464036735,501,2026,-0.10261668126467612
2026-03-04,-0.033051315695302626,-0.007136696887486221,501,2026,-0.10523751586184489
2026-03-05,-0.02788978218861083,0.035007827740675075,501,2026,-0.10655700626824514
2026-03-06,0.0048007252427416085,0.04490559202574777,501,2026,-0.10644722014896409
2026-03-09,0.03366128301166591,0.0363861010954772,501,2026,-0.10436354988751392
2026-03-10,-0.03631891595295465,-0.0012115860777509764,501,2026,-0.10370378196367652
2026-03-11,0.04461120786315815,0.024651434479510362,501,2026,-0.10277474570873431
2026-03-12,0.07952964191139633,0.010920537262598064,501,2026,-0.09999261882230606
2026-03-13,0.12581864160125966,0.030618227425718077,501,2026,-0.0954487231191194
2026-03-16,0.28139342033065345,0.07850254497861384,501,2026,-0.08910689794760698
2026-03-17,0.26406498556671515,0.08896327393580644,501,2026,-0.08264622718137998
2026-03-18,0.2531318558102918,0.0726066527600974,501,2026,-0.07763234903745914
2026-03-19,0.2904085693155522,0.08980711515482664,501,2026,-0.07152645193392385
2026-03-20,0.2972811031323807,0.10822651049995745,501,2026,-0.06549428935716123
2026-03-23,0.27064064699286683,0.12197381125389964,501,2026,-0.060515102596930985
2026-03-24,0.23200343536035503,0.09763316777121012,501,2026,-0.054627478111506075
2026-03-25,0.28123558460767706,0.08817357275604285,501,2026,-0.047597637205195005
2026-03-26,0.21515032087219985,0.07534336736772193,501,2026,-0.04206491210332134
2026-03-27,0.37320313953765777,0.14563331825032264,501,2026,-0.0336100449452073
2026-03-30,0.4115639955149463,0.179740580606351,501,2026,-0.02448061721368494
2026-03-31,0.3730710690173438,0.19153701429330872,501,2026,-0.015791185225829882
2026-04-01,0.18987742443400055,0.08954326758258188,501,2026,-0.010130708039432421
2026-04-02,0.290519073406971,0.135832567213738,501,2026,-0.0022053104945487494
2026-04-06,0.2777679700360236,0.11176327482720028,501,2026,0.005790646746726621
2026-04-07,0.27168385142066465,0.12436817043233159,501,2026,0.014034925406254464
2026-04-08,0.04219929861392752,0.020193995428513533,501,2026,0.01862747356737862
2026-04-09,0.1471807619820121,0.07521875964794747,501,2026,0.025123344659571018
2026-04-10,0.28844249349905765,0.12483273995240049,501,2026,0.03287264666266026
2026-04-13,0.24799427439940838,0.16247829853545998,501,2026,0.04030217235799696
2026-04-14,0.03985285206479472,0.13532185877149444,501,2026,0.04384032844953236
2026-04-15,0.05019872605386836,0.12547120103647455,501,2026,0.04836831213308538
2026-04-16,-0.07592289524536586,0.10251162155638613,501,2026,0.05085523129419401
2026-04-17,-0.034795238208841284,0.10836614247133873,501,2026,0.05444707322217641
2026-04-20,0.06163885774268197,0.10109619638142649,501,2026,0.0596808280611988
2026-04-21,0.08386487582603717,0.12299316916574196,501,2026,0.06462610805707879
2026-04-22,-0.0822440537252189,0.06527794919203608,501,2026,0.06725434655257878
2026-04-23,-0.009983825178328604,0.08039761409880872,501,2026,0.07191546711168822
2026-04-24,0.05033155998759454,0.11719049375650473,501,2026,0.07647977200597857
2026-04-27,0.017276904358613454,0.09793652912815852,501,2026,0.0813107187257055
2026-04-28,0.06555287830713077,0.11913596552536966,501,2026,0.08727088566180105
2026-04-29,0.10024429229191022,0.134185949349302,501,2026,0.09342204833361166
2026-04-30,0.18369835627549683,0.13616784901422185,501,2026,0.10112848103830283
2026-05-01,0.24555049264021758,0.21327697263548762,501,2026,0.11012384186284992
2026-05-04,0.28836825154471935,0.15065711923662234,501,2026,0.11894147883326499
2026-05-05,0.30286604480282464,0.1986598805051932,501,2026,0.12653017773975858
2026-05-06,0.19145101032993775,0.11374912041107643,501,2026,0.130545055213042
2026-05-07,0.19667275806951837,0.1435342895920332,501,2026,0.1317698672092355
2026-05-08,0.08177732185032327,0.06325820469977742,501,2026,0.13292318038936357
2026-05-11,0.14867867452346303,0.08291080286833413,501,2026,0.13355152870127704
2026-05-12,0.1840124054679486,0.07639084414594575,501,2026,0.13776241105343856
2026-05-13,0.02704468354128397,0.03759554896645252,501,2026,0.13823417176271627
2026-05-14,0.1994658014647995,0.08436725767412374,501,2026,0.14153658155137272
2026-05-15,0.14940611207863158,0.09015004967255774,501,2026,0.1421924854521653
2026-05-18,0.2748328363193931,0.11235837697037047,501,2026,0.1453054611702416
2026-05-19,0.2371331917837632,0.11999137801737442,501,2026,0.14844207240991364
2026-05-20,0.29292287138869677,0.12184135491281808,501,2026,0.1512369167943756
2026-05-21,0.23449416704439727,0.09433583957143188,501,2026,0.15274461587165264
2026-05-22,0.13540052961805474,0.059670473415755224,501,2026,0.15335263527204746
2026-05-26,0.008787699711040863,0.007959128223836513,501,2026,0.14994531294413174
2026-05-27,0.0450286041462891,0.019865512636626736,501,2026,0.14804323813340411
2026-05-28,0.006567741011999906,0.009970719832201245,501,2026,0.14760408759744323
2026-05-29,-0.10041186153589236,-0.04695839202215829,501,2026,0.144929642899285
2026-06-01,-0.06781153231385835,-0.04619754361945975,501,2026,0.14312049246556696
2026-06-02,-0.07136655772121098,-0.029985711857524355,501,2026,0.14207236977715512
2026-06-03,-0.1343331822410955,-0.059451393519663484,501,2026,0.1404647211018251
2026-06-04,-0.1881054464775628,-0.06759574806746727,501,2026,0.1379216153194608
2026-06-05,-0.11282505904525612,-0.03930314208954,501,2026,0.13605453937838144
2026-06-08,-0.1172296681537324,-0.04235568071434766,501,2026,0.13365944491543863
2026-06-09,-0.0594877496004008,-0.02120630942803753,501,2026,0.13329168565119345
2026-06-10,0.11841601259632131,0.05145022936735671,501,2026,0.13446319048822777
2026-06-11,0.19043729274518695,0.0714094504887189,501,2026,0.13622362939035143
2026-06-12,-0.058758689791731274,0.008455673116796701,501,2026,0.13329383047935156
2026-06-15,-0.0991536608058783,-0.012206225498001147,501,2026,0.12725340062004156
2026-06-16,-0.023684328554047288,0.0011888235799518325,501,2026,0.12268595118955325
2026-06-17,-0.18637917789918174,-0.0507990468278261,501,2026,0.11570958557511717
2026-06-18,-0.07642665267075412,-0.017155404472666315,501,2026,0.10988680427374722
2026-06-22,-0.010619939404060405,-0.0007375716499218588,501,2026,0.10499948613824815
2026-06-23,0.1291423527447098,0.05427560838698014,501,2026,0.10275348146764249
2026-06-24,-0.002239473244745569,0.010891081779629868,501,2026,0.09903534006121233
